2026/02/10 13:54:52.749, 0, 0, 12, 12288
2026/02/10 13:54:53.750, 0, 0, 12, 12288
2026/02/10 13:54:54.750, 0, 0, 12, 12288
2026/02/10 13:54:55.751, 0, 0, 116, 12288
2026/02/10 13:54:56.751, 0, 0, 116, 12288
2026/02/10 13:54:57.752, 0, 0, 116, 12288
2026/02/10 13:54:58.754, 0, 0, 116, 12288
2026/02/10 13:54:59.754, 0, 0, 116, 12288
2026/02/10 13:55:00.755, 0, 0, 116, 12288
2026/02/10 13:55:01.755, 0, 0, 116, 12288
2026/02/10 13:55:02.756, 0, 0, 116, 12288
2026/02/10 13:55:03.757, 0, 0, 120, 12288
2026/02/10 13:55:04.757, 0, 0, 120, 12288
2026/02/10 13:55:05.758, 0, 0, 120, 12288
2026/02/10 13:55:06.758, 0, 0, 120, 12288
2026/02/10 13:55:07.759, 0, 0, 120, 12288
2026/02/10 13:55:08.760, 0, 0, 120, 12288
2026/02/10 13:55:09.761, 0, 0, 120, 12288
2026/02/10 13:55:10.762, 0, 0, 120, 12288
2026/02/10 13:55:11.762, 0, 0, 120, 12288
2026/02/10 13:55:12.763, 0, 0, 120, 12288
2026/02/10 13:55:13.764, 0, 0, 120, 12288
2026/02/10 13:55:14.764, 0, 0, 120, 12288
2026/02/10 13:55:15.765, 0, 0, 120, 12288
2026/02/10 13:55:16.765, 0, 0, 120, 12288
2026/02/10 13:55:17.766, 0, 0, 120, 12288
2026/02/10 13:55:18.766, 0, 0, 120, 12288
2026/02/10 13:55:19.767, 0, 0, 120, 12288
2026/02/10 13:55:20.768, 0, 0, 120, 12288
2026/02/10 13:55:21.768, 0, 0, 120, 12288
2026/02/10 13:55:22.769, 0, 0, 120, 12288
2026/02/10 13:55:23.769, 0, 0, 120, 12288
2026/02/10 13:55:24.770, 0, 0, 120, 12288
2026/02/10 13:55:25.770, 0, 0, 120, 12288
2026/02/10 13:55:26.771, 0, 0, 120, 12288
2026/02/10 13:55:27.772, 0, 0, 120, 12288
2026/02/10 13:55:28.772, 0, 0, 120, 12288
2026/02/10 13:55:29.773, 0, 0, 120, 12288
2026/02/10 13:55:30.774, 0, 0, 120, 12288
2026/02/10 13:55:31.775, 0, 0, 120, 12288
2026/02/10 13:55:32.775, 0, 0, 120, 12288
2026/02/10 13:55:33.776, 0, 0, 120, 12288
2026/02/10 13:55:34.777, 0, 0, 120, 12288
2026/02/10 13:55:35.777, 0, 0, 120, 12288
2026/02/10 13:55:36.778, 0, 0, 120, 12288
2026/02/10 13:55:37.778, 0, 0, 120, 12288
2026/02/10 13:55:38.779, 0, 0, 120, 12288
2026/02/10 13:55:39.780, 0, 0, 120, 12288
2026/02/10 13:55:40.780, 0, 0, 120, 12288
2026/02/10 13:55:41.781, 0, 0, 120, 12288
2026/02/10 13:55:42.781, 0, 0, 120, 12288
2026/02/10 13:55:43.782, 0, 0, 120, 12288
2026/02/10 13:55:44.783, 0, 0, 120, 12288
2026/02/10 13:55:45.783, 0, 0, 120, 12288
2026/02/10 13:55:46.784, 0, 0, 120, 12288
2026/02/10 13:55:47.784, 0, 0, 120, 12288
2026/02/10 13:55:48.785, 0, 0, 120, 12288
2026/02/10 13:55:49.786, 0, 0, 120, 12288
2026/02/10 13:55:50.789, 0, 0, 120, 12288
2026/02/10 13:55:51.790, 0, 0, 120, 12288
2026/02/10 13:55:52.790, 0, 0, 120, 12288
2026/02/10 13:55:53.791, 0, 0, 120, 12288
2026/02/10 13:55:54.791, 0, 0, 120, 12288
2026/02/10 13:55:55.792, 0, 0, 120, 12288
2026/02/10 13:55:56.792, 0, 0, 120, 12288
2026/02/10 13:55:57.793, 0, 0, 120, 12288
2026/02/10 13:55:58.793, 0, 0, 120, 12288
2026/02/10 13:55:59.794, 0, 0, 120, 12288
2026/02/10 13:56:00.794, 0, 0, 120, 12288
2026/02/10 13:56:01.796, 0, 0, 120, 12288
2026/02/10 13:56:02.796, 0, 0, 120, 12288
2026/02/10 13:56:03.797, 0, 0, 120, 12288
2026/02/10 13:56:04.797, 0, 0, 120, 12288
2026/02/10 13:56:05.798, 0, 0, 120, 12288
2026/02/10 13:56:06.798, 0, 0, 120, 12288
2026/02/10 13:56:07.799, 0, 0, 120, 12288
2026/02/10 13:56:08.799, 0, 0, 120, 12288
2026/02/10 13:56:09.800, 0, 0, 120, 12288
2026/02/10 13:56:10.801, 0, 0, 120, 12288
2026/02/10 13:56:11.802, 0, 0, 120, 12288
2026/02/10 13:56:12.802, 0, 0, 120, 12288
2026/02/10 13:56:13.803, 0, 0, 120, 12288
2026/02/10 13:56:14.804, 0, 0, 120, 12288
2026/02/10 13:56:15.804, 0, 0, 120, 12288
2026/02/10 13:56:16.805, 0, 0, 120, 12288
2026/02/10 13:56:17.805, 0, 0, 120, 12288
2026/02/10 13:56:18.806, 0, 0, 120, 12288
2026/02/10 13:56:19.807, 0, 0, 120, 12288
2026/02/10 13:56:20.807, 0, 0, 120, 12288
2026/02/10 13:56:21.808, 0, 0, 120, 12288
2026/02/10 13:56:22.808, 0, 0, 120, 12288
2026/02/10 13:56:23.809, 0, 0, 120, 12288
2026/02/10 13:56:24.810, 0, 0, 120, 12288
2026/02/10 13:56:25.810, 0, 0, 120, 12288
2026/02/10 13:56:26.811, 0, 0, 120, 12288
2026/02/10 13:56:27.811, 0, 0, 120, 12288
2026/02/10 13:56:28.812, 0, 0, 120, 12288
2026/02/10 13:56:29.813, 0, 0, 120, 12288
2026/02/10 13:56:30.813, 0, 0, 120, 12288
2026/02/10 13:56:31.814, 0, 0, 120, 12288
2026/02/10 13:56:32.815, 0, 0, 120, 12288
2026/02/10 13:56:33.816, 0, 0, 120, 12288
2026/02/10 13:56:34.816, 0, 0, 120, 12288
2026/02/10 13:56:35.817, 0, 0, 120, 12288
2026/02/10 13:56:36.818, 0, 0, 120, 12288
2026/02/10 13:56:37.818, 0, 0, 120, 12288
2026/02/10 13:56:38.819, 0, 0, 120, 12288
2026/02/10 13:56:39.819, 0, 0, 120, 12288
2026/02/10 13:56:40.820, 0, 0, 120, 12288
2026/02/10 13:56:41.821, 0, 0, 120, 12288
2026/02/10 13:56:42.821, 0, 0, 120, 12288
2026/02/10 13:56:43.822, 0, 0, 120, 12288
2026/02/10 13:56:44.822, 0, 0, 120, 12288
2026/02/10 13:56:45.823, 0, 0, 120, 12288
2026/02/10 13:56:46.823, 0, 0, 120, 12288
2026/02/10 13:56:47.824, 0, 0, 120, 12288
2026/02/10 13:56:48.825, 0, 0, 120, 12288
2026/02/10 13:56:49.825, 0, 0, 120, 12288
2026/02/10 13:56:50.826, 0, 0, 120, 12288
2026/02/10 13:56:51.827, 0, 0, 120, 12288
2026/02/10 13:56:52.828, 0, 0, 120, 12288
2026/02/10 13:56:53.828, 0, 0, 120, 12288
2026/02/10 13:56:54.829, 0, 0, 120, 12288
2026/02/10 13:56:55.830, 0, 0, 120, 12288
2026/02/10 13:56:56.830, 0, 0, 120, 12288
2026/02/10 13:56:57.831, 0, 0, 120, 12288
2026/02/10 13:56:58.831, 0, 0, 120, 12288
2026/02/10 13:56:59.832, 0, 0, 120, 12288
2026/02/10 13:57:00.833, 0, 0, 120, 12288
2026/02/10 13:57:01.833, 0, 0, 120, 12288
2026/02/10 13:57:02.834, 0, 0, 120, 12288
2026/02/10 13:57:03.834, 0, 0, 120, 12288
2026/02/10 13:57:04.835, 0, 0, 120, 12288
2026/02/10 13:57:05.836, 0, 0, 120, 12288
2026/02/10 13:57:06.836, 0, 0, 120, 12288
2026/02/10 13:57:07.837, 0, 0, 120, 12288
2026/02/10 13:57:08.837, 0, 0, 120, 12288
2026/02/10 13:57:09.839, 0, 0, 120, 12288
2026/02/10 13:57:10.840, 0, 0, 120, 12288
2026/02/10 13:57:11.841, 0, 0, 120, 12288
2026/02/10 13:57:12.841, 0, 0, 120, 12288
2026/02/10 13:57:13.842, 0, 0, 120, 12288
2026/02/10 13:57:14.843, 0, 0, 120, 12288
2026/02/10 13:57:15.843, 0, 0, 120, 12288
2026/02/10 13:57:16.844, 0, 0, 120, 12288
2026/02/10 13:57:17.845, 0, 0, 120, 12288
2026/02/10 13:57:18.845, 0, 0, 120, 12288
2026/02/10 13:57:19.846, 0, 0, 120, 12288
2026/02/10 13:57:20.846, 0, 0, 120, 12288
2026/02/10 13:57:21.847, 0, 0, 120, 12288
2026/02/10 13:57:22.847, 0, 0, 120, 12288
2026/02/10 13:57:23.848, 0, 0, 120, 12288
2026/02/10 13:57:24.849, 0, 0, 120, 12288
2026/02/10 13:57:25.849, 0, 0, 120, 12288
2026/02/10 13:57:26.850, 0, 0, 120, 12288
2026/02/10 13:57:27.851, 0, 0, 120, 12288
2026/02/10 13:57:28.851, 0, 0, 120, 12288
2026/02/10 13:57:29.852, 0, 0, 120, 12288
2026/02/10 13:57:30.852, 0, 0, 120, 12288
2026/02/10 13:57:31.853, 0, 0, 120, 12288
2026/02/10 13:57:32.854, 0, 0, 120, 12288
2026/02/10 13:57:33.855, 0, 0, 120, 12288
2026/02/10 13:57:34.855, 0, 0, 120, 12288
2026/02/10 13:57:35.856, 0, 0, 120, 12288
2026/02/10 13:57:36.856, 0, 0, 120, 12288
2026/02/10 13:57:37.857, 0, 0, 120, 12288
2026/02/10 13:57:38.858, 0, 0, 120, 12288
2026/02/10 13:57:39.858, 0, 0, 120, 12288
2026/02/10 13:57:40.859, 0, 0, 120, 12288
2026/02/10 13:57:41.859, 0, 0, 120, 12288
2026/02/10 13:57:42.860, 0, 0, 120, 12288
2026/02/10 13:57:43.860, 0, 0, 120, 12288
2026/02/10 13:57:44.861, 0, 0, 120, 12288
2026/02/10 13:57:45.862, 0, 0, 120, 12288
2026/02/10 13:57:46.862, 0, 0, 120, 12288
2026/02/10 13:57:47.863, 0, 0, 120, 12288
2026/02/10 13:57:48.863, 0, 0, 120, 12288
2026/02/10 13:57:49.864, 0, 0, 120, 12288
2026/02/10 13:57:50.865, 0, 0, 120, 12288
2026/02/10 13:57:51.865, 0, 0, 120, 12288
2026/02/10 13:57:52.866, 0, 0, 120, 12288
2026/02/10 13:57:53.866, 0, 0, 120, 12288
2026/02/10 13:57:54.867, 0, 0, 120, 12288
2026/02/10 13:57:55.868, 0, 0, 120, 12288
2026/02/10 13:57:56.869, 0, 0, 120, 12288
2026/02/10 13:57:57.870, 0, 0, 120, 12288
2026/02/10 13:57:58.870, 0, 0, 120, 12288
2026/02/10 13:57:59.871, 0, 0, 120, 12288
2026/02/10 13:58:00.871, 0, 0, 120, 12288
2026/02/10 13:58:01.872, 0, 0, 120, 12288
2026/02/10 13:58:02.873, 0, 0, 120, 12288
2026/02/10 13:58:03.873, 0, 0, 120, 12288
2026/02/10 13:58:04.874, 0, 0, 120, 12288
2026/02/10 13:58:05.874, 0, 0, 120, 12288
2026/02/10 13:58:06.875, 0, 0, 120, 12288
2026/02/10 13:58:07.876, 0, 0, 120, 12288
2026/02/10 13:58:08.876, 0, 0, 120, 12288
2026/02/10 13:58:09.877, 0, 0, 120, 12288
2026/02/10 13:58:10.877, 0, 0, 120, 12288
2026/02/10 13:58:11.878, 0, 0, 120, 12288
2026/02/10 13:58:12.879, 0, 0, 120, 12288
2026/02/10 13:58:13.879, 0, 0, 120, 12288
2026/02/10 13:58:14.880, 0, 0, 120, 12288
2026/02/10 13:58:15.881, 0, 0, 120, 12288
2026/02/10 13:58:16.882, 0, 0, 120, 12288
2026/02/10 13:58:17.883, 0, 0, 120, 12288
2026/02/10 13:58:18.883, 0, 0, 120, 12288
2026/02/10 13:58:19.884, 0, 0, 120, 12288
2026/02/10 13:58:20.884, 0, 0, 120, 12288
2026/02/10 13:58:21.885, 0, 0, 120, 12288
2026/02/10 13:58:22.886, 0, 0, 120, 12288
2026/02/10 13:58:23.886, 0, 0, 120, 12288
2026/02/10 13:58:24.887, 0, 0, 120, 12288
2026/02/10 13:58:25.887, 0, 0, 120, 12288
2026/02/10 13:58:26.888, 0, 0, 120, 12288
2026/02/10 13:58:27.889, 0, 0, 120, 12288
2026/02/10 13:58:28.889, 0, 0, 120, 12288
2026/02/10 13:58:29.890, 0, 0, 120, 12288
2026/02/10 13:58:30.890, 0, 0, 120, 12288
2026/02/10 13:58:31.891, 0, 0, 120, 12288
2026/02/10 13:58:32.892, 0, 0, 120, 12288
2026/02/10 13:58:33.892, 0, 0, 120, 12288
2026/02/10 13:58:34.893, 0, 0, 120, 12288
2026/02/10 13:58:35.894, 0, 0, 120, 12288
2026/02/10 13:58:36.894, 0, 0, 120, 12288
2026/02/10 13:58:37.895, 0, 0, 120, 12288
2026/02/10 13:58:38.896, 0, 0, 120, 12288
2026/02/10 13:58:39.897, 0, 0, 120, 12288
2026/02/10 13:58:40.897, 0, 0, 120, 12288
2026/02/10 13:58:41.898, 0, 0, 120, 12288
2026/02/10 13:58:42.899, 0, 0, 120, 12288
2026/02/10 13:58:43.899, 0, 0, 120, 12288
2026/02/10 13:58:44.900, 0, 0, 120, 12288
2026/02/10 13:58:45.900, 0, 0, 120, 12288
2026/02/10 13:58:46.901, 0, 0, 120, 12288
2026/02/10 13:58:47.901, 0, 0, 120, 12288
2026/02/10 13:58:48.902, 0, 0, 120, 12288
2026/02/10 13:58:49.903, 0, 0, 120, 12288
2026/02/10 13:58:50.903, 0, 0, 120, 12288
2026/02/10 13:58:51.904, 0, 0, 120, 12288
2026/02/10 13:58:52.904, 0, 0, 120, 12288
2026/02/10 13:58:53.905, 0, 0, 120, 12288
2026/02/10 13:58:54.906, 0, 0, 120, 12288
2026/02/10 13:58:55.906, 0, 0, 120, 12288
2026/02/10 13:58:56.907, 0, 0, 120, 12288
2026/02/10 13:58:57.908, 0, 0, 120, 12288
2026/02/10 13:58:58.909, 0, 0, 120, 12288
2026/02/10 13:58:59.909, 0, 0, 120, 12288
2026/02/10 13:59:00.910, 0, 0, 120, 12288
2026/02/10 13:59:01.911, 0, 0, 120, 12288
2026/02/10 13:59:02.911, 0, 0, 120, 12288
2026/02/10 13:59:03.912, 0, 0, 120, 12288
2026/02/10 13:59:04.912, 0, 0, 120, 12288
2026/02/10 13:59:05.913, 0, 0, 120, 12288
2026/02/10 13:59:06.913, 0, 0, 120, 12288
2026/02/10 13:59:07.914, 0, 0, 120, 12288
2026/02/10 13:59:08.915, 0, 0, 120, 12288
2026/02/10 13:59:09.915, 0, 0, 120, 12288
2026/02/10 13:59:10.916, 0, 0, 120, 12288
2026/02/10 13:59:11.916, 0, 0, 120, 12288
2026/02/10 13:59:12.917, 0, 0, 120, 12288
2026/02/10 13:59:13.917, 0, 0, 120, 12288
2026/02/10 13:59:14.918, 0, 0, 120, 12288
2026/02/10 13:59:15.919, 0, 0, 120, 12288
2026/02/10 13:59:16.919, 0, 0, 120, 12288
2026/02/10 13:59:17.920, 0, 0, 120, 12288
2026/02/10 13:59:18.921, 0, 0, 120, 12288
2026/02/10 13:59:19.923, 0, 0, 120, 12288
2026/02/10 13:59:20.924, 0, 0, 120, 12288
2026/02/10 13:59:21.924, 0, 0, 120, 12288
2026/02/10 13:59:22.925, 0, 0, 120, 12288
2026/02/10 13:59:23.925, 0, 0, 120, 12288
2026/02/10 13:59:24.926, 0, 0, 120, 12288
2026/02/10 13:59:25.926, 0, 0, 120, 12288
2026/02/10 13:59:26.927, 0, 0, 120, 12288
2026/02/10 13:59:27.927, 0, 0, 120, 12288
2026/02/10 13:59:28.928, 0, 0, 120, 12288
2026/02/10 13:59:29.928, 0, 0, 120, 12288
2026/02/10 13:59:30.929, 0, 0, 120, 12288
2026/02/10 13:59:31.929, 0, 0, 120, 12288
2026/02/10 13:59:32.930, 0, 0, 120, 12288
2026/02/10 13:59:33.930, 0, 0, 120, 12288
2026/02/10 13:59:34.931, 0, 0, 120, 12288
2026/02/10 13:59:35.931, 0, 0, 120, 12288
2026/02/10 13:59:36.932, 0, 0, 120, 12288
2026/02/10 13:59:37.932, 0, 0, 120, 12288
2026/02/10 13:59:38.933, 0, 0, 120, 12288
2026/02/10 13:59:39.934, 0, 0, 120, 12288
2026/02/10 13:59:40.934, 0, 0, 120, 12288
2026/02/10 13:59:41.935, 0, 0, 120, 12288
2026/02/10 13:59:42.936, 0, 0, 120, 12288
2026/02/10 13:59:43.937, 0, 0, 120, 12288
2026/02/10 13:59:44.937, 0, 0, 120, 12288
2026/02/10 13:59:45.938, 0, 0, 120, 12288
2026/02/10 13:59:46.938, 0, 0, 120, 12288
2026/02/10 13:59:47.939, 0, 0, 120, 12288
2026/02/10 13:59:48.940, 0, 0, 120, 12288
2026/02/10 13:59:49.940, 0, 0, 120, 12288
2026/02/10 13:59:50.941, 0, 0, 120, 12288
2026/02/10 13:59:51.941, 0, 0, 120, 12288
2026/02/10 13:59:52.942, 0, 0, 120, 12288
2026/02/10 13:59:53.943, 0, 0, 120, 12288
2026/02/10 13:59:54.943, 0, 0, 120, 12288
2026/02/10 13:59:55.944, 0, 0, 120, 12288
2026/02/10 13:59:56.945, 0, 0, 120, 12288
2026/02/10 13:59:57.945, 0, 0, 120, 12288
2026/02/10 13:59:58.946, 0, 0, 120, 12288
2026/02/10 13:59:59.946, 0, 0, 120, 12288
2026/02/10 14:00:00.947, 0, 0, 120, 12288
2026/02/10 14:00:01.948, 0, 0, 120, 12288
2026/02/10 14:00:02.949, 0, 0, 120, 12288
2026/02/10 14:00:03.950, 0, 0, 120, 12288
2026/02/10 14:00:04.950, 0, 0, 120, 12288
2026/02/10 14:00:05.951, 0, 0, 120, 12288
2026/02/10 14:00:06.952, 0, 0, 120, 12288
2026/02/10 14:00:07.952, 0, 0, 120, 12288
2026/02/10 14:00:08.953, 0, 0, 120, 12288
2026/02/10 14:00:09.953, 0, 0, 120, 12288
2026/02/10 14:00:10.954, 0, 0, 120, 12288
2026/02/10 14:00:11.954, 0, 0, 120, 12288
2026/02/10 14:00:12.955, 0, 0, 120, 12288
2026/02/10 14:00:13.956, 0, 0, 120, 12288
2026/02/10 14:00:14.956, 0, 0, 120, 12288
2026/02/10 14:00:15.957, 0, 0, 120, 12288
2026/02/10 14:00:16.957, 0, 0, 120, 12288
2026/02/10 14:00:17.958, 0, 0, 120, 12288
2026/02/10 14:00:18.959, 0, 0, 120, 12288
2026/02/10 14:00:19.959, 0, 0, 120, 12288
2026/02/10 14:00:20.960, 0, 0, 120, 12288
2026/02/10 14:00:21.961, 0, 0, 120, 12288
2026/02/10 14:00:22.962, 0, 0, 120, 12288
2026/02/10 14:00:23.962, 0, 0, 120, 12288
2026/02/10 14:00:24.963, 0, 0, 120, 12288
2026/02/10 14:00:25.963, 0, 0, 120, 12288
2026/02/10 14:00:26.964, 0, 0, 120, 12288
2026/02/10 14:00:27.965, 0, 0, 120, 12288
2026/02/10 14:00:28.965, 0, 0, 120, 12288
2026/02/10 14:00:29.966, 0, 0, 120, 12288
2026/02/10 14:00:30.966, 0, 0, 120, 12288
2026/02/10 14:00:31.967, 0, 0, 120, 12288
2026/02/10 14:00:32.968, 0, 0, 120, 12288
2026/02/10 14:00:33.968, 0, 0, 120, 12288
2026/02/10 14:00:34.969, 0, 0, 120, 12288
2026/02/10 14:00:35.969, 0, 0, 120, 12288
2026/02/10 14:00:36.970, 0, 0, 120, 12288
2026/02/10 14:00:37.971, 0, 0, 120, 12288
2026/02/10 14:00:38.971, 0, 0, 120, 12288
2026/02/10 14:00:39.972, 0, 0, 120, 12288
2026/02/10 14:00:40.972, 0, 0, 120, 12288
2026/02/10 14:00:41.973, 0, 0, 120, 12288
2026/02/10 14:00:42.974, 0, 0, 120, 12288
2026/02/10 14:00:43.975, 0, 0, 120, 12288
2026/02/10 14:00:44.976, 0, 0, 120, 12288
2026/02/10 14:00:45.976, 0, 0, 120, 12288
2026/02/10 14:00:46.977, 0, 0, 120, 12288
2026/02/10 14:00:47.977, 0, 0, 120, 12288
2026/02/10 14:00:48.978, 0, 0, 120, 12288
2026/02/10 14:00:49.979, 0, 0, 120, 12288
2026/02/10 14:00:50.979, 0, 0, 120, 12288
2026/02/10 14:00:51.980, 0, 0, 120, 12288
2026/02/10 14:00:52.980, 0, 0, 120, 12288
2026/02/10 14:00:53.981, 0, 0, 120, 12288
2026/02/10 14:00:54.982, 0, 0, 120, 12288
2026/02/10 14:00:55.982, 0, 0, 120, 12288
2026/02/10 14:00:56.983, 0, 0, 120, 12288
2026/02/10 14:00:57.983, 0, 0, 120, 12288
2026/02/10 14:00:58.984, 0, 0, 120, 12288
2026/02/10 14:00:59.984, 0, 0, 120, 12288
2026/02/10 14:01:00.985, 0, 0, 120, 12288
2026/02/10 14:01:01.986, 0, 0, 120, 12288
2026/02/10 14:01:02.986, 0, 0, 120, 12288
2026/02/10 14:01:03.987, 0, 0, 120, 12288
2026/02/10 14:01:04.988, 0, 0, 120, 12288
2026/02/10 14:01:05.989, 0, 0, 120, 12288
2026/02/10 14:01:06.989, 0, 0, 120, 12288
2026/02/10 14:01:07.990, 0, 0, 120, 12288
2026/02/10 14:01:08.991, 0, 0, 120, 12288
2026/02/10 14:01:09.991, 0, 0, 120, 12288
2026/02/10 14:01:10.992, 0, 0, 120, 12288
2026/02/10 14:01:11.992, 0, 0, 120, 12288
2026/02/10 14:01:12.993, 0, 0, 120, 12288
2026/02/10 14:01:13.993, 0, 0, 120, 12288
2026/02/10 14:01:14.994, 0, 0, 120, 12288
2026/02/10 14:01:15.995, 0, 0, 120, 12288
2026/02/10 14:01:16.995, 0, 0, 120, 12288
2026/02/10 14:01:17.996, 0, 0, 120, 12288
2026/02/10 14:01:18.996, 0, 0, 120, 12288
2026/02/10 14:01:19.997, 0, 0, 120, 12288
2026/02/10 14:01:20.997, 0, 0, 120, 12288
2026/02/10 14:01:21.998, 0, 0, 120, 12288
2026/02/10 14:01:22.998, 0, 0, 120, 12288
2026/02/10 14:01:23.999, 0, 0, 120, 12288
2026/02/10 14:01:24.999, 0, 0, 120, 12288
2026/02/10 14:01:26.000, 0, 0, 120, 12288
2026/02/10 14:01:27.001, 0, 0, 120, 12288
2026/02/10 14:01:28.002, 0, 0, 120, 12288
2026/02/10 14:01:29.004, 0, 0, 120, 12288
2026/02/10 14:01:30.004, 0, 0, 120, 12288
2026/02/10 14:01:31.005, 0, 0, 120, 12288
2026/02/10 14:01:32.005, 0, 0, 120, 12288
2026/02/10 14:01:33.006, 0, 0, 120, 12288
2026/02/10 14:01:34.007, 0, 0, 120, 12288
2026/02/10 14:01:35.007, 0, 0, 120, 12288
2026/02/10 14:01:36.008, 0, 0, 120, 12288
2026/02/10 14:01:37.008, 0, 0, 120, 12288
2026/02/10 14:01:38.009, 0, 0, 120, 12288
2026/02/10 14:01:39.010, 0, 0, 120, 12288
2026/02/10 14:01:40.010, 0, 0, 120, 12288
2026/02/10 14:01:41.011, 0, 0, 120, 12288
2026/02/10 14:01:42.011, 0, 0, 120, 12288
2026/02/10 14:01:43.012, 0, 0, 120, 12288
2026/02/10 14:01:44.012, 0, 0, 120, 12288
2026/02/10 14:01:45.013, 0, 0, 120, 12288
2026/02/10 14:01:46.014, 0, 0, 120, 12288
2026/02/10 14:01:47.015, 0, 0, 120, 12288
2026/02/10 14:01:48.016, 0, 0, 120, 12288
2026/02/10 14:01:49.016, 0, 0, 120, 12288
2026/02/10 14:01:50.017, 0, 0, 120, 12288
2026/02/10 14:01:51.017, 0, 0, 120, 12288
2026/02/10 14:01:52.018, 0, 0, 120, 12288
2026/02/10 14:01:53.018, 0, 0, 120, 12288
2026/02/10 14:01:54.019, 0, 0, 120, 12288
2026/02/10 14:01:55.020, 0, 0, 120, 12288
2026/02/10 14:01:56.020, 0, 0, 120, 12288
2026/02/10 14:01:57.021, 0, 0, 120, 12288
2026/02/10 14:01:58.021, 0, 0, 120, 12288
2026/02/10 14:01:59.022, 0, 0, 120, 12288
2026/02/10 14:02:00.023, 0, 0, 120, 12288
2026/02/10 14:02:01.023, 0, 0, 120, 12288
2026/02/10 14:02:02.024, 0, 0, 120, 12288
2026/02/10 14:02:03.024, 0, 0, 120, 12288
2026/02/10 14:02:04.025, 0, 0, 120, 12288
2026/02/10 14:02:05.026, 0, 0, 120, 12288
2026/02/10 14:02:06.026, 0, 0, 120, 12288
2026/02/10 14:02:07.027, 0, 0, 120, 12288
2026/02/10 14:02:08.028, 0, 0, 120, 12288
2026/02/10 14:02:09.029, 0, 0, 120, 12288
2026/02/10 14:02:10.030, 0, 0, 120, 12288
2026/02/10 14:02:11.030, 0, 0, 120, 12288
2026/02/10 14:02:12.031, 0, 0, 120, 12288
2026/02/10 14:02:13.031, 0, 0, 120, 12288
2026/02/10 14:02:14.032, 0, 0, 120, 12288
2026/02/10 14:02:15.033, 0, 0, 120, 12288
2026/02/10 14:02:16.033, 0, 0, 120, 12288
2026/02/10 14:02:17.034, 0, 0, 120, 12288
2026/02/10 14:02:18.034, 0, 0, 120, 12288
2026/02/10 14:02:19.035, 0, 0, 120, 12288
2026/02/10 14:02:20.036, 0, 0, 120, 12288
2026/02/10 14:02:21.036, 0, 0, 120, 12288
2026/02/10 14:02:22.037, 0, 0, 120, 12288
2026/02/10 14:02:23.037, 0, 0, 120, 12288
2026/02/10 14:02:24.038, 0, 0, 120, 12288
2026/02/10 14:02:25.038, 0, 0, 120, 12288
2026/02/10 14:02:26.039, 0, 0, 120, 12288
2026/02/10 14:02:27.040, 0, 0, 120, 12288
2026/02/10 14:02:28.041, 0, 0, 120, 12288
2026/02/10 14:02:29.041, 0, 0, 120, 12288
2026/02/10 14:02:30.042, 0, 0, 120, 12288
2026/02/10 14:02:31.043, 0, 0, 120, 12288
2026/02/10 14:02:32.043, 0, 0, 120, 12288
2026/02/10 14:02:33.044, 0, 0, 120, 12288
2026/02/10 14:02:34.045, 0, 0, 120, 12288
2026/02/10 14:02:35.045, 0, 0, 120, 12288
2026/02/10 14:02:36.046, 0, 0, 120, 12288
2026/02/10 14:02:37.046, 0, 0, 120, 12288
2026/02/10 14:02:38.047, 0, 0, 120, 12288
2026/02/10 14:02:39.047, 0, 0, 120, 12288
2026/02/10 14:02:40.048, 0, 0, 120, 12288
2026/02/10 14:02:41.049, 0, 0, 120, 12288
2026/02/10 14:02:42.049, 0, 0, 120, 12288
2026/02/10 14:02:43.050, 0, 0, 120, 12288
2026/02/10 14:02:44.050, 0, 0, 120, 12288
2026/02/10 14:02:45.051, 0, 0, 120, 12288
2026/02/10 14:02:46.052, 0, 0, 120, 12288
2026/02/10 14:02:47.052, 0, 0, 120, 12288
2026/02/10 14:02:48.053, 0, 0, 120, 12288
2026/02/10 14:02:49.053, 0, 0, 120, 12288
2026/02/10 14:02:50.057, 0, 0, 120, 12288
2026/02/10 14:02:51.058, 0, 0, 120, 12288
2026/02/10 14:02:52.058, 0, 0, 120, 12288
2026/02/10 14:02:53.059, 0, 0, 120, 12288
2026/02/10 14:02:54.059, 0, 0, 120, 12288
2026/02/10 14:02:55.060, 0, 0, 120, 12288
2026/02/10 14:02:56.060, 0, 0, 120, 12288
2026/02/10 14:02:57.061, 0, 0, 120, 12288
2026/02/10 14:02:58.061, 0, 0, 120, 12288
2026/02/10 14:02:59.062, 0, 0, 120, 12288
2026/02/10 14:03:00.062, 0, 0, 120, 12288
2026/02/10 14:03:01.063, 0, 0, 120, 12288
2026/02/10 14:03:02.063, 0, 0, 120, 12288
2026/02/10 14:03:03.064, 0, 0, 120, 12288
2026/02/10 14:03:04.064, 0, 0, 120, 12288
2026/02/10 14:03:05.065, 0, 0, 120, 12288
2026/02/10 14:03:06.065, 0, 0, 120, 12288
2026/02/10 14:03:07.066, 0, 0, 120, 12288
2026/02/10 14:03:08.066, 0, 0, 120, 12288
2026/02/10 14:03:09.067, 0, 0, 120, 12288
2026/02/10 14:03:10.067, 0, 0, 120, 12288
2026/02/10 14:03:11.068, 0, 0, 120, 12288
2026/02/10 14:03:12.069, 0, 0, 120, 12288
2026/02/10 14:03:13.070, 0, 0, 120, 12288
2026/02/10 14:03:14.070, 0, 0, 120, 12288
2026/02/10 14:03:15.071, 0, 0, 120, 12288
2026/02/10 14:03:16.072, 0, 0, 120, 12288
2026/02/10 14:03:17.072, 0, 0, 120, 12288
2026/02/10 14:03:18.073, 0, 0, 120, 12288
2026/02/10 14:03:19.073, 0, 0, 120, 12288
2026/02/10 14:03:20.074, 0, 0, 120, 12288
2026/02/10 14:03:21.075, 0, 0, 120, 12288
2026/02/10 14:03:22.075, 0, 0, 120, 12288
2026/02/10 14:03:23.076, 0, 0, 120, 12288
2026/02/10 14:03:24.076, 0, 0, 120, 12288
2026/02/10 14:03:25.077, 0, 0, 120, 12288
2026/02/10 14:03:26.078, 0, 0, 120, 12288
2026/02/10 14:03:27.078, 0, 0, 120, 12288
2026/02/10 14:03:28.079, 0, 0, 120, 12288
2026/02/10 14:03:29.079, 0, 0, 120, 12288
2026/02/10 14:03:30.080, 0, 0, 120, 12288
2026/02/10 14:03:31.081, 0, 0, 120, 12288
2026/02/10 14:03:32.082, 0, 0, 120, 12288
2026/02/10 14:03:33.083, 0, 0, 120, 12288
2026/02/10 14:03:34.083, 0, 0, 120, 12288
2026/02/10 14:03:35.084, 0, 0, 120, 12288
2026/02/10 14:03:36.084, 0, 0, 120, 12288
2026/02/10 14:03:37.085, 0, 0, 120, 12288
2026/02/10 14:03:38.086, 0, 0, 120, 12288
2026/02/10 14:03:39.087, 0, 0, 120, 12288
2026/02/10 14:03:40.088, 0, 0, 120, 12288
2026/02/10 14:03:41.088, 0, 0, 120, 12288
2026/02/10 14:03:42.089, 0, 0, 120, 12288
2026/02/10 14:03:43.089, 0, 0, 120, 12288
2026/02/10 14:03:44.090, 0, 0, 120, 12288
2026/02/10 14:03:45.091, 0, 0, 120, 12288
2026/02/10 14:03:46.091, 0, 0, 120, 12288
2026/02/10 14:03:47.092, 0, 0, 120, 12288
2026/02/10 14:03:48.092, 0, 0, 120, 12288
2026/02/10 14:03:49.093, 0, 0, 120, 12288
2026/02/10 14:03:50.094, 0, 0, 120, 12288
2026/02/10 14:03:51.094, 0, 0, 120, 12288
2026/02/10 14:03:52.095, 0, 0, 120, 12288
2026/02/10 14:03:53.096, 0, 0, 120, 12288
2026/02/10 14:03:54.097, 0, 0, 120, 12288
2026/02/10 14:03:55.098, 0, 0, 120, 12288
2026/02/10 14:03:56.098, 0, 0, 120, 12288
2026/02/10 14:03:57.099, 0, 0, 120, 12288
2026/02/10 14:03:58.099, 0, 0, 120, 12288
2026/02/10 14:03:59.100, 0, 0, 120, 12288
2026/02/10 14:04:00.101, 0, 0, 120, 12288
2026/02/10 14:04:01.101, 0, 0, 120, 12288
2026/02/10 14:04:02.102, 0, 0, 120, 12288
2026/02/10 14:04:03.102, 0, 0, 120, 12288
2026/02/10 14:04:04.103, 0, 0, 120, 12288
2026/02/10 14:04:05.104, 0, 0, 120, 12288
2026/02/10 14:04:06.104, 0, 0, 120, 12288
2026/02/10 14:04:07.105, 0, 0, 120, 12288
2026/02/10 14:04:08.105, 0, 0, 120, 12288
2026/02/10 14:04:09.106, 0, 0, 120, 12288
2026/02/10 14:04:10.107, 0, 0, 120, 12288
2026/02/10 14:04:11.107, 0, 0, 120, 12288
2026/02/10 14:04:12.108, 0, 0, 120, 12288
2026/02/10 14:04:13.109, 0, 0, 120, 12288
2026/02/10 14:04:14.110, 0, 0, 120, 12288
2026/02/10 14:04:15.110, 0, 0, 120, 12288
2026/02/10 14:04:16.111, 0, 0, 120, 12288
2026/02/10 14:04:17.112, 0, 0, 120, 12288
2026/02/10 14:04:18.112, 0, 0, 120, 12288
2026/02/10 14:04:19.113, 0, 0, 120, 12288
2026/02/10 14:04:20.113, 0, 0, 120, 12288
2026/02/10 14:04:21.114, 0, 0, 120, 12288
2026/02/10 14:04:22.114, 0, 0, 120, 12288
2026/02/10 14:04:23.115, 0, 0, 120, 12288
2026/02/10 14:04:24.116, 0, 0, 120, 12288
2026/02/10 14:04:25.116, 0, 0, 120, 12288
2026/02/10 14:04:26.117, 0, 0, 120, 12288
2026/02/10 14:04:27.118, 0, 0, 120, 12288
2026/02/10 14:04:28.118, 0, 0, 120, 12288
2026/02/10 14:04:29.119, 0, 0, 120, 12288
2026/02/10 14:04:30.119, 0, 0, 120, 12288
2026/02/10 14:04:31.120, 0, 0, 120, 12288
2026/02/10 14:04:32.121, 0, 0, 120, 12288
2026/02/10 14:04:33.121, 0, 0, 120, 12288
2026/02/10 14:04:34.122, 0, 0, 120, 12288
2026/02/10 14:04:35.123, 0, 0, 120, 12288
2026/02/10 14:04:36.124, 0, 0, 120, 12288
2026/02/10 14:04:37.124, 0, 0, 120, 12288
2026/02/10 14:04:38.125, 0, 0, 120, 12288
2026/02/10 14:04:39.125, 0, 0, 120, 12288
2026/02/10 14:04:40.126, 0, 0, 120, 12288
2026/02/10 14:04:41.126, 0, 0, 120, 12288
2026/02/10 14:04:42.127, 0, 0, 120, 12288
2026/02/10 14:04:43.128, 0, 0, 120, 12288
2026/02/10 14:04:44.128, 0, 0, 120, 12288
2026/02/10 14:04:45.129, 0, 0, 120, 12288
2026/02/10 14:04:46.129, 0, 0, 120, 12288
2026/02/10 14:04:47.130, 0, 0, 120, 12288
2026/02/10 14:04:48.130, 0, 0, 120, 12288
2026/02/10 14:04:49.131, 0, 0, 120, 12288
2026/02/10 14:04:50.131, 0, 0, 120, 12288
2026/02/10 14:04:51.132, 0, 0, 120, 12288
2026/02/10 14:04:52.133, 0, 0, 120, 12288
2026/02/10 14:04:53.133, 0, 0, 120, 12288
2026/02/10 14:04:54.134, 0, 0, 120, 12288
2026/02/10 14:04:55.135, 0, 0, 120, 12288
2026/02/10 14:04:56.135, 0, 0, 120, 12288
2026/02/10 14:04:57.137, 0, 0, 120, 12288
2026/02/10 14:04:58.137, 0, 0, 120, 12288
2026/02/10 14:04:59.138, 0, 0, 120, 12288
2026/02/10 14:05:00.138, 0, 0, 120, 12288
2026/02/10 14:05:01.139, 0, 0, 120, 12288
2026/02/10 14:05:02.140, 0, 0, 120, 12288
2026/02/10 14:05:03.140, 0, 0, 120, 12288
2026/02/10 14:05:04.141, 0, 0, 120, 12288
2026/02/10 14:05:05.141, 0, 0, 120, 12288
2026/02/10 14:05:06.142, 0, 0, 120, 12288
2026/02/10 14:05:07.142, 0, 0, 120, 12288
2026/02/10 14:05:08.143, 0, 0, 120, 12288
2026/02/10 14:05:09.144, 0, 0, 120, 12288
2026/02/10 14:05:10.144, 0, 0, 120, 12288
2026/02/10 14:05:11.145, 0, 0, 120, 12288
2026/02/10 14:05:12.145, 0, 0, 120, 12288
2026/02/10 14:05:13.146, 0, 0, 120, 12288
2026/02/10 14:05:14.147, 0, 0, 120, 12288
2026/02/10 14:05:15.147, 0, 0, 120, 12288
2026/02/10 14:05:16.148, 0, 0, 120, 12288
2026/02/10 14:05:17.149, 0, 0, 120, 12288
2026/02/10 14:05:18.150, 0, 0, 120, 12288
2026/02/10 14:05:19.150, 0, 0, 120, 12288
2026/02/10 14:05:20.151, 0, 0, 120, 12288
2026/02/10 14:05:21.152, 0, 0, 120, 12288
2026/02/10 14:05:22.152, 0, 0, 120, 12288
2026/02/10 14:05:23.153, 0, 0, 120, 12288
2026/02/10 14:05:24.153, 0, 0, 120, 12288
2026/02/10 14:05:25.154, 0, 0, 120, 12288
2026/02/10 14:05:26.155, 0, 0, 120, 12288
2026/02/10 14:05:27.155, 0, 0, 120, 12288
2026/02/10 14:05:28.156, 0, 0, 120, 12288
2026/02/10 14:05:29.157, 0, 0, 120, 12288
2026/02/10 14:05:30.157, 0, 0, 120, 12288
2026/02/10 14:05:31.158, 0, 0, 120, 12288
2026/02/10 14:05:32.159, 0, 0, 120, 12288
2026/02/10 14:05:33.159, 0, 0, 120, 12288
2026/02/10 14:05:34.160, 0, 0, 120, 12288
2026/02/10 14:05:35.160, 0, 0, 120, 12288
2026/02/10 14:05:36.161, 0, 0, 120, 12288
2026/02/10 14:05:37.162, 0, 0, 120, 12288
2026/02/10 14:05:38.163, 0, 0, 120, 12288
2026/02/10 14:05:39.164, 0, 0, 120, 12288
2026/02/10 14:05:40.164, 0, 0, 120, 12288
2026/02/10 14:05:41.165, 0, 0, 120, 12288
2026/02/10 14:05:42.165, 0, 0, 120, 12288
2026/02/10 14:05:43.166, 0, 0, 120, 12288
2026/02/10 14:05:44.167, 0, 0, 120, 12288
2026/02/10 14:05:45.167, 0, 0, 120, 12288
2026/02/10 14:05:46.168, 0, 0, 120, 12288
2026/02/10 14:05:47.168, 0, 0, 120, 12288
2026/02/10 14:05:48.169, 0, 0, 120, 12288
2026/02/10 14:05:49.169, 0, 0, 120, 12288
2026/02/10 14:05:50.170, 0, 0, 120, 12288
2026/02/10 14:05:51.171, 0, 0, 120, 12288
2026/02/10 14:05:52.171, 0, 0, 120, 12288
2026/02/10 14:05:53.172, 0, 0, 120, 12288
2026/02/10 14:05:54.173, 0, 0, 120, 12288
2026/02/10 14:05:55.173, 0, 0, 120, 12288
2026/02/10 14:05:56.174, 0, 0, 120, 12288
2026/02/10 14:05:57.175, 0, 0, 120, 12288
2026/02/10 14:05:58.176, 0, 0, 120, 12288
2026/02/10 14:05:59.176, 0, 0, 120, 12288
2026/02/10 14:06:00.177, 0, 0, 120, 12288
2026/02/10 14:06:01.178, 0, 0, 120, 12288
2026/02/10 14:06:02.178, 0, 0, 120, 12288
2026/02/10 14:06:03.179, 0, 0, 120, 12288
2026/02/10 14:06:04.179, 0, 0, 120, 12288
2026/02/10 14:06:05.183, 0, 0, 120, 12288
2026/02/10 14:06:06.184, 0, 0, 120, 12288
2026/02/10 14:06:07.185, 0, 0, 120, 12288
2026/02/10 14:06:08.185, 0, 0, 120, 12288
2026/02/10 14:06:09.186, 0, 0, 120, 12288
2026/02/10 14:06:10.186, 0, 0, 120, 12288
2026/02/10 14:06:11.187, 0, 0, 120, 12288
2026/02/10 14:06:12.188, 0, 0, 120, 12288
2026/02/10 14:06:13.188, 0, 0, 120, 12288
2026/02/10 14:06:14.189, 0, 0, 120, 12288
2026/02/10 14:06:15.193, 0, 0, 120, 12288
2026/02/10 14:06:16.193, 0, 0, 120, 12288
2026/02/10 14:06:17.194, 0, 0, 120, 12288
2026/02/10 14:06:18.194, 0, 0, 120, 12288
2026/02/10 14:06:19.195, 0, 0, 120, 12288
2026/02/10 14:06:20.195, 0, 0, 120, 12288
2026/02/10 14:06:21.196, 0, 0, 120, 12288
