system_count,throughput_steps_per_sec,latency_ms,gpu_memory_mb,active_cores,core_reuse_pct
1,71657.3716476566,0.013955298345535994,370.25,1,0.0
5,100874.17819800002,0.009913339745253325,370.25,5,0.0
10,118373.0348858601,0.00844786991365254,370.25,10,0.0
26,85238.69033689919,0.0117317616688804,370.25,26,0.0
50,96439.5849900242,0.010369186056777835,370.25,50,0.0
100,91126.57687175652,0.010973747004754841,370.25,100,0.0
250,97482.44208690838,0.010258257575333118,370.25,250,0.0
500,93993.02063571534,0.01063908780924976,372.25,500,0.0
1000,93958.58604105856,0.010642986895982176,372.25,1000,0.0
