id,room,title,v1,v2,v3,v4,v5
book1,math,The Calculus Story,0.1,0.2,0.8,0.1,0.3
book2,math,A Tour of the Calculus,0.2,0.3,0.7,0.2,0.4
book3,math,Infinite Powers,0.15,0.25,0.75,0.15,0.35
book4,physics,The Elegant Universe,0.8,0.1,0.2,0.9,0.1
book5,physics,The Fabric of the Cosmos,0.7,0.2,0.3,0.8,0.2
book6,physics,A Brief History of Time,0.75,0.15,0.25,0.85,0.15
book7,cs,The Pragmatic Programmer,0.3,0.8,0.1,0.2,0.9
book8,cs,Clean Code,0.4,0.7,0.2,0.3,0.8
book9,cs,Code Complete,0.35,0.75,0.15,0.25,0.85
